"","x"
"1","  Maxim Yarushin Business Development Manager about a Streamity project  Part 2  We answer your questions in  "
"2","  South Korea remains on pace to be the first country to widely adopt and use cryptocurrencies  Kakao  a chat and payments a "
"3","  Keep your eyes on the  WAVES   Big things coming in the next few months  I m averaging down    Cryptocurrency  alts  bit "
"4","Thailand dodges extreme regulations on cryptocurrency  Will it be favorable for the market    "
"5","Thailand dodges extreme regulations on cryptocurrency  Will it be favorable for the market    "
"6","  Bitcoin plunges after SEC seeks to rein in cryptocurrencies "
"7","  Welcome to our New Members of the Board of Advisors    blockchain  ICO  cryptocurrency  TokenSa "
"8","   They believe not only that cryptocurrency will make them personally very wealthy  but also that this formerly out of the  "
"9","Privacy seems to be a heavily debated topic in the cryptocurrency world  but does the general public care  I m going to say no "
"10"," UCASH Airdrop 1000 Free Token Final  Airdrop  live  Token  Ethereum  cryptocurrency  eth  free  bitcoin  "
"11","  SUMO   DOT   TIX and  POWR are some of my top Cryptopia picks  Awesome exchange with some low key mooners   cryptocurrency"
"12","Dear friends  Invest in real business and earn profits   Crypto  Blockchain   Skyllz    SDP  ethereum  bitcoin  "
"13","   GYMRewards    ICO   A full  cryptocurrency solution with a  mobile  app for  mining while  exercising and an  EXCHANGE to "
"14","   tronfam  I m bored    100 likes and 50 retweets of this status and I ll give 1k  tron  trx away along with posted screen "
"15","  European Crypto Bank s community is growing  thank you for your support      ICO  c "
"16","     Tipper is creating a world where a post could pay for your coffee or  make you a millionaire  Ti  "
"17","Directory  Escorts in  CostaRica  Visit our Website           We acce  "
"18","  AIRDROP ALERT  Subscribe at    amp  join our telegram channel  for  AIRDROP  We a "
"19","South Korea s Kakao to Integrate Cryptocurrency For 12 000 Merchants  amp  Millions Users   The  "
"20","  Welcome to our New Members of the Board of Advisors    blockchain  ICO  cryptocurrency  TokenSa "
"21","  U 0 01 tokens Buy now    ICO  preICO  cryptocurrency  cryptocoin  bitcoin  blockchain htt "
"22","  SAVE THE DATE             Official ANN  Swapy ICO Pre sale starts on March 19  2018  For whitelisted members     Follow u "
"23","How To Create A Ripple Paper Wallet  2018     ripple  xrp  crypto  security  "
"24","CRYPTO TRADING                Reasons Why Bitcoin Could hit  50 000 in 2018               HowToBuy LEND via    "
"25","  World s First Hybrid Investment Platform  PHI Token  Raises  4 7M in First Two Days of Pre ICO Sale "
"26","CRYPTO TRADING                Never miss a moon   10 on every new crypto               HowToBuy LEND via    "
"27","Earning  cryptocurrency for selling my stuff on   Join me using code  BSJXVX  for an extra 5 XNK  I just lis  "
"28","  Our new article on Medium focuses on industries that can specifically benefit from DocTailor  Highlighting  entertainme "
"29","Directory  Escorts in  CostaRica  Visit our Website           We acce  "
"30","  A journey of a thousand miles must begin with a single step    Lao Tzu  blockchain  btc  crypto  cryptocurrency  bitcoin   "
"31","   Corl  ICO  Review   Revenue  Sharing  Blockchain Platform   Featuring    Cryptocurrency  Crypto  Cryptocurrencies "
"32"," Crypto exchange binance 2017 offers  250 000 bounty on  hackers   exchange binance  "
"33","  Directory  Escorts in  CostaRica  Visit our Website           We accept  cr "
"34"," Thanks for following  amp  followed you on Twitter now   Do look forward to great tweets  amp  hearing about t  "
"35","  AWESOME NEWS    INVITE YOUR FRIENDS to participate in our TOKENSALE AND RECEIVE 5  of their FUNDS  in the CRYPTOCURRENC "
"36","  6 days left  Get your 25  Bonus   ico  blockchain  cryptocurrency  cryptocurrencies  icos  hedging  blockchains  risk  risks "
"37","  SAVE THE DATE             Official ANN  Swapy ICO Pre sale starts on March 19  2018  For whitelisted members     Follow u "
"38","  The future best ICO is almost here  Learn more at Mavro   Mavro  cryptocurrency  blockchain  crypto  bitcoin  bitcoins  bit "
"39","  South Korea remains on pace to be the first country to widely adopt and use cryptocurrencies  Kakao  a chat and payments a "
"40","  The Mavro token sale opens in 4 days  Are you ready  Register at  for exact updates   Mavro  cryptoc "
"41","   Markets Wrap  calm week for global equity markets  decline in  crypto prices  "
"42","  Are you ready   Only a week    7 days  You should buy AutoTokens right now    IAC  AutoUnit   "
"43","  In South Korea you ll soon be able to buy your food directly with  crypto     cryptocur "
"44","   Moonshot Week 7  Hirematch   HIRE  BY  JaketheCryptoKing    Altcoins News  Blockchain   "
"45","Directory  Escorts in  CostaRica  Visit our Website           We acce  "
"46","    ICO   A full  cryptocurrency solution with a  mobile  app for  mining while  exercising and an  EX "
"47","   bitcoin casino  they match first depost 100   btc  eth  ltc  doge  xvg  trx  iota  neo  "
"48","  Got my Litecoin latte from   before hoping on a plane to Sydney to meet  and    Pa "
"49"," is a good friend in our  TRX  TRON family  Give him some support in followers   Let us remember we  HODL as group  "
"50","Qarnot s QC 1  Heat Your Home and Passively Mine Cryptocurrency   bitcoin"
"51","point being    don t fuck us up  cryptocurrency"
"52","Thailand dodges extreme regulations on cryptocurrency  Will it be favorable for the market    "
"53","Cryptocurrency and Equity Markets  Weekly Performance Review    "
"54","The latecomer s BTC journey "
"55"," is a marketplace to discover  create and monetize cryptocurrency trading   SignalsNetwork is the best pro "
"56","  Safe Haven will provide the most versatile inheritance platform within the space  Our intent is to cover all possible base "
"57","World s First Hybrid Investment Platform  PHI Token  Raises  4 7M in First Two Days of Pre ICO Sale  "
"58","    Thorecoin FAQ Post  2 Roadmap Listing Potential  amp  Phase 2  cryptocurrency  Bitcoin  Ethereum   "
"59","  Safe Haven will provide the most versatile inheritance platform within the space  Our intent is to cover all possible base "
"60","  UCASH Airdrop  Airdrop  live  Token  Ethereum  cryptocurrency  eth  free  bitcoin  BTC  altcoin  ico  "
"61","Directory  Escorts in  CostaRica  Visit our Website           We acce  "
"62","Miami  The location on the 2018 north american bitcoin Conference  Joe raedle getty Images   the north american bit  "
"63","  Safe Haven will provide the most versatile inheritance platform within the space  Our intent is to cover all possible base "
"64","   No one would remember the Good Samaritan if he d only had good intentions   he had money  too     Margaret Thatcher  bloc "
"65","  btccasino Bet on March Maddness  btc  eth  ltc  doge  xvg  trx  iota  neo  bch  xrp  xmr  "
"66"," Hi Wolf  We notice you are an ICO enthusiast  This is an Interesting article on one of the few ICO proje  "
"67"," FundFantasy is a great ICO  The idea is fantastic  good team and implementation  FundFantasy is developing a uniqu  "
"68","  Safe Haven will provide the most versatile inheritance platform within the space  Our intent is to cover all possible base "
"69","Investing in Cryptocurrency  What Are Token Economics and How Do They Work   "
"70","  Want to learn more about crypto  Enroll in Investopedia Academy   "
"71"," Crypto exchange binance 2017 offers  250 000 bounty on  hackers   exchange binance  "
"72","Anyone calling this a bottom for crypto    Still feel crypto is viable  yet only a chosen few will survive   Easies  "
"73","Cryptocurrency and Equity Markets  Weekly Performance Review   "
"74","The Future Of Banking  Cryptocurrency ATMs And Blockchain Based Drones "
"75"," sundayplaylist Why is bitcoin better than money  "
"76","Which of these  Komodo linked projects will you be investing in       "
"77","Venezuela s Petro Cryptocurrency Brings in  5 Billion  According to President Maduro "
"78","Please click the below link and register for free airdrop of sps coin      sps  suchapp  cryptocurrency"
"79","  Thanks  Sam Lee for your support  Sam Lee is Senior Principal at Bluepoint Partners  Korea   Venture Capitalist and Start "
"80","  Cryptocurrency  ICO and Blockchain officially added to the dictionary   Fantastic NEWS for CRYPTO LOVERS all around the w "
"81","The future of  cryptocurrency    Or just another  ICO   weighs in on the matter     "
"82","Experts and experienced  Protect your data using the next generation blockchain security technology at  "
"83","  Daily 24 hour  05BTC giveaway   To enter retweet  like  and follow    bitcoin  btc  litecoin  ltc   ethereum  eth  ripple "
"84","  Safe Haven will provide the most versatile inheritance platform within the space  Our intent is to cover all possible base "
"85","  SAVE THE DATE             Official ANN  Swapy ICO Pre sale starts on March 19  2018  For whitelisted members     Follow u "
"86","   waiting for this retrace to be over    Patience is the key  BTC  BTCUSD  BITCOIN  cryp "
"87"," FundFantasy is developing a unique service which will allow you to invest  to play and earn  TokenSale  "
"88"," Cryptocurrency and Equity Markets  Weekly Performance Review    Cryptocurrency and Equity Markets   "
"89","  Join us tomorrow night in Bangkok for our  ICO and  Blockchain  Security  i   find out how to protect your ICO from h "
"90","  Welcome to our New Members of the Board of Advisors    blockchain  ICO  cryptocurrency  TokenSa "
"91","The front cover of the economist in 1988  Notice the 2018 on the coin  pretty strange  Thoughts   cryptocurrency  "
"92","Join SuperLumicCoin  SLC   amp  Enter Cryptoworld with SLC to bring big changes  Join here  "
"93","Earning  cryptocurrency for selling my stuff on   Join me using code  DNTGXL  for an extra 5 XNK  I just lis  "
"94","   Airdrop  ECC  ECommerceCoin  Bitcoin  ETH  ICO  Cryptocurrency  Airdrop is limited to 20000 community members only  First 20 "
"95"," currency  cryptocurrency Campbell Soup shares could be a bargain after decline  Barron s   Reuters    Campbell Sou  "
"96","The latecomer s BTC journey via  r CryptoCurrency "
"97","Cryptocurrency and Equity Markets  Weekly Performance Review    CryptoCurrencyNews CryptoCur  "
"98","  Caution on unauthorized cryptocurrency investment platform Coinzer BNM would like to state that it does not authorise or "
"99","Qarnot s QC 1  Heat Your Home and Passively Mine Cryptocurrency  "
"100","Qarnot s QC 1  Heat Your Home and Passively Mine Cryptocurrency  "
"101","  Love watching golf  More fun when  is contending                           AlienCon  cryptocurrency  FedExCup  GoPackGo  MarchMadn "
"102","If you join the Group you will get 1000000 bitUSD Click here to join telegram group   "
"103","  It needed a survey to confirm what we ve known for long   that we re too apathetic to our surrounding cleaniness   Cryptocu "
"104","Welcome to our New Members of the Board of Advisors   ICO  cryptocurrency  "
"105","Binance Hacker Bounty   P2P Crypto Competition  Bitcoin and Cryptocurrency News   "
"106","The Economist famously stated  data is the new oil    RepuX Monetizes Data from Millions of Small Enterprises  Visi  "
"107","  Welcome to our New Members of the Board of Advisors    blockchain  ICO  cryptocurrency  TokenSa "
"108","    Bitcoin Cash   BCH   Largest Delivery Service in  Germany  now Accepting Bitcoin Cash  BCH   "
"109","Directory  Escorts in  CostaRica  Visit our Website           We acce  "
"110","  Avoid ICOs to Avoid Lawsuits  Study Says "
"111"," is a marketplace to discover  create and monetize cryptocurrency trading   SignalsNetwork is the best pro "
"112"," Network is the world s first oracle protocol that makesit possible for two entities t  "
"113","  BIGGEST  AIRDROP                Thorium is going to airdrop 10 000 000  THOR tokens  1  Visit  Submit your "
"114","   GYMRewards    ICO   A full  cryptocurrency solution with a  mobile  app for  mining while  exercising and an  EXCHANGE to "
"115","  Now accepting bitcoin    fill my wallet up with crypto                                       findom  femdom  cryptocurrency  bitcoin  domme  paypig "
"116","  Given  bitcoin mining s trend toward renewable resources and the fact that traditional banking is not so environmentally "
"117"," BTC   The weekly looks ugly  I m afraid     Bearish engulfing   Really don t want the weekly RSI to dip below its  "
"118","   waiting for this retrace to be over    Patience is the key  BTC  BTCUSD  BITCOIN  cryp "
"119","  Snap Interactive  STVI to Present at the Inaugural LD Micro Virtual Conference   STVI  "
"120","Directory  Escorts in  CostaRica  Visit our Website           We acce  "
"121","What price do you think  BTC will hit first   btc  bitcoin  cryptocurrency  blockchain  eth  price"
"122","   Markets Wrap  calm week for global equity markets  decline in  crypto prices  "
"123","Listia is giving away their new  XNK  cryptocurrency Use my code  DNTSWY  to claim yours and an extra 5 XNK   false"
"124","   froshfeel   froins video  preICO 50  bonus for a Cryptocurrency backed by an educational platform an "
"125","    ICO   A full  cryptocurrency solution with a  mobile  app for  mining while  exercising and an  EX "
"126","  9 days until  ZCL  HardFork  Stock up NOW to get  free  btcp  Don t miss out      cryptocurrency  bitcoin  blockchain  crypto   "
"127","CRYPTO TRADING                Vertpig               HowToBuy LEND via    "
"128","   froshfeel   froins video  preICO 50  bonus for a Cryptocurrency backed by an educational platform an "
"129","Bitcoin miners are running around the neighborhoods looking for power like Doc Brown   bitcoin  cryptocurrency  "
"130","  Tech Blog  Adding  Bitcoin Cash and Litecoin Is Main Goal of 2018 for Gemini Exchange   CryptoCu "
"131","  AIRDROP   by SportAlliance  The company is market leader in Germany and millions of people use their softwar "
"132","Cryptocurrency and Equity Markets  Weekly Performance Review  "
"133","  FOLLOW US AND KEEP UPDATED WITH NEW AIRDROP RELEASES  amp  PROMISING ICO s   cryptocurrency  mining  crypto  blockchain  b "
"134","Directory  Escorts in  CostaRica  Visit our Website           We acce  "
"135","Qarnot s QC 1  Heat Your Home and Passively Mine Cryptocurrency   crypto  cryptocurrency  mining  news"
"136","Binance Offers  250 000 Bounty For Arrest of Hackers   cryptocurrency  crypto  blockchain  "
"137","  AIRDROP   First Legal and Secure International System for Exchanging Cryptocurrencies for Fiat Backed b "
"138","  In  Venezuela inflation has ran rampant and they now value their currency by the weight  They face 13 000  inflation wi "
"139","  Our new article on Medium focuses on industries that can specifically benefit from DocTailor  Highlighting  entertainme "
"140","  Someone is getting paid at  GYMRewards    ICO   A full  cryptocurrency solution with a  mobile  app for  mining while  exer "
"141","  AIRDROP   a video sharing platform  where authors are paid for their content  and users are rewarded for "
"142","  AIRDROP   The Future of Decentralized Sharing Economy    JOIN AIRDROP HERE "
"143","Can Blockchain Technology Survive Without Cryptocurrencies   Cryptocurrency  News       Slee  "
"144","  Directory  Escorts in  CostaRica  Visit our Website           We accept  cr "
"145","Directory  Escorts in  CostaRica  Visit our Website           We acce  "
"146","  I m giving away 10  of the portfolio s profits  in  BTC  at the end of the challenge  March 25th    Enter to win here  h "
"147","   waiting for this retrace to be over    Patience is the key  BTC  BTCUSD  BITCOIN  cryp "
"148","Elon Musk holding a crypto currency book in his hands via  r CryptoCurrency  "
"149","Lino   Decentralized autonomous video content economy One of the hottest in 2018                Use my referral code  koyZKdYM  "
"150","  Welcome to our New Members of the Board of Advisors    blockchain  ICO  cryptocurrency  TokenSa "
"151","Exchange over 250 cryptocurrencies at the best rates with    cryptocurrency  blockchain  exchange"
"152"," Bitcoin  ethereum  tronix  tron  trx  btc  blockchain  future  Currency  cryptocurrency  lightning  gaming  "
"153","  7000 Follower Giveaway  Prize   5BTC  1 Winner   To enter retweet  like  and follow    btc  bitcoin  crypto  cryptocurrenc "
"154","Cryptocurrency and Equity Markets  Weekly Performance Review  "
"155","Directory  Escorts in  CostaRica  Visit our Website           We acce  "
"156","Cryptocurrency and Equity Markets  Weekly Performance Review  "
"157","Cryptocurrency and Equity Markets  Weekly Performance Review  "
"158","Cryptocurrency and Equity Markets  Weekly Performance Review  "
"159","  It s official now  Vladimir Nikitin  a top ICO advisor just became a part of the Airpod project  He is one of the main "
"160"," is a good friend in our  TRX  TRON family  Give him some support in followers   Let us remember we  HODL as group  "
"161","        is the first  decentralized VR platform for distributing adult films and organizing  online video  "
"162","  For new  ReddHeads  or those learning about  altcoins and  cryptocurrency beyond  bitcoin  here s an easy to read Beginner s "
"163"," Hello Alex  We notice you are an ICO enthusiast  One of our followers contributed to this article so wan  "
"164"," Bitcoin  News   MoonLite Aims to Dominate the Cryptocurrency Mining Industry with Green Energy  "
"165","  The 22 year old behind  5 billion crypto is just getting started  "
"166","  Ternio  blockchain Live Video AMA is about to begin  Big Announcements    cryptocurrency  tokensale  ICO  ama Watch "
"167","Out here doing big things   If you re interested in investing in cryptocurrency  we re the people you want to talk  "
"168","  ONLY NINE DAYS LEFT IN THE CROWDSALE     Get your tokens before it s too late  Only at     ViceIndust "
"169","   Airdrop  ECC  ECommerceCoin  Bitcoin  ETH  ICO  Cryptocurrency  Airdrop is limited to 20000 community members only  First 20 "
"170","   bitcoin  bitcoincash  BTC  Litecoin  ethereum  ETH  ZEC  waves  XRP  XMR  DASH  KICK  BCH  USDT  cryptotrading  Buy and sell "
"171","  And Litecoin will be used as the major payment cryptocurrency  "
"172","   Blockchain for business  Top 5 to dos at InterConnect   Bitcoin  Ethereum  Cryptocurrency  Altcoin "
"173"," Moonlite Aims to Dominate the  Cryptocurrency  MiningIndustry with  GreenEnergy     "
"174","Directory  Escorts in  CostaRica  Visit our Website           We acce  "
"175","  looks like this one  "
"176","Binance Hacker Bounty   P2P Crypto Competition  Bitcoin and Cryptocurrency News   "
"177","Couldn t find simple examples to fetch cryptocurrency data from free APIs     and printing e  "
"178","  Got my Litecoin latte from   before hoping on a plane to Sydney to meet  and    Pa "
"179","   Airdrop  ECC  ECommerceCoin  Bitcoin  ETH  ICO  Cryptocurrency  Airdrop is limited to 20000 community members only  First 20 "
"180","  Looking to follow more people   followme  F4F  follow4follow  followforfollow  girl  GamersUnite  gamer  cryptocurrenc "
"181","               HURRY UP  Next Price Adjustment in 3 Days                 INVEST NOW    cryptonews  assedbac "
"182"," is a good friend in our  TRX  TRON family  Give him some support in followers   Let us remember we  HODL a  "
"183","UCASH Airdrop 1000 Free Token Final  Airdrop  live  Token  Ethereum  cryptocurrency  eth  free  bitcoin  BTC  "
"184","  Caution on unauthorized cryptocurrency investment platform Coinzer BNM would like to state that it does not authorise or "
"185","  ONLY NINE DAYS LEFT IN THE CROWDSALE     Get your tokens before it s too late  Only at     ViceIndust "
"186","  If you need to understand the advantages that Blockchain technology can bring to the eSports betting sector   watch Mario Ovch "
"187","Directory  Escorts in  CostaRica  Visit our Website           We acce  "
"188","   waiting for this retrace to be over    Patience is the key  BTC  BTCUSD  BITCOIN  cryp "
"189","              BITRACE ICO                                     Join BITRACE on Medium    bitcoin  cryptocurrency  blockchain  crypto  i "
"190","Buy the Dip   bitcoin  bitcoinprice  cryptocurrency "
"191","  A journey of a thousand miles must begin with a single step    Lao Tzu  blockchain  btc  crypto  cryptocurrency  bitcoin   "
"192","  A real entrepreneur is somebody who has no safety net underneath them    Henry Kravis  blockchain  btc  crypto  cryptocurr "
"193","  This Is the First Country to Adopt a  Cryptocurrency As Its Official Currency   inf "
"194","   ViceIndustryToken is the ONLY porn token with REAL companies behind it  Check out our roster of industry leading partners a "
"195","  Fair Reporters lists  as the  1  Best Crypto Privacy Coin to Buy in 2018   "
"196","  Safe Haven will provide the most versatile inheritance platform within the space  Our intent is to cover all possible base "
"197"," no but please is that it is my investment that I made a cryptocurrency  hoping to work my money  if w  "
"198","  The Marshall Islands becomes the first country to recognize  crypto as its official currency "
"199","Directory  Escorts in  CostaRica  Visit our Website           We acce  "
"200","  Our  crowdsale is in full swing  If you haven t already  get your tokens now before it s over  Remember   The ONLY place to "
"201","Shard is a new  PoS  cryptocurrency   Join the great project here   Website   link       "
"202","  Hi  Followers  I m trying to win  s  VIT contest for entry to   I m in love with  cryptocurrency "
"203","Cryptocurrency and Equity Markets  Weekly Performance Review "
"204","  Steven Seagal Endorsed ICO Receives Shut Down Order from NJ State Authority "
"205","  In  Venezuela inflation has ran rampant and they now value their currency by the weight  They face 13 000  inflation wi "
"206","  New to Bitcoin  Here s an easy to understand breakdown of the Bitcoin ecosystem   bitcoin  btc  cryptocurrency  blockchain h "
"207","  Want to Learn More about  ViceIndustryToken    Join us on Telegram  We re here to Help      VIT  cryp "
"208","Directory  Escorts in  CostaRica  Visit our Website           We acce  "
"209","  China Central Bank Admits Cryptocurrency Is  Technologically Inevitable  Yet Fights Adoption  "
"210","Japan punishes seven cryptocurrency exchanges over regulatory lapses   "
"211","More info     Holon  Blockchain  Bitnation  DAO  ethereum   bitcoin  cryptocurrency  ICO  "
"212","  Cryptocurrency  ICO and Blockchain officially added to the dictionary   Fantastic NEWS for CRYPTO LOVERS all around the w "
"213","  Here are notes from my today s research  Came across some interesting  ICOs  You should check it out  "
"214","   DomusCoins VS  Other cryptocurrencies Sign Up Now  ICO is On    cryptocurrency  bitcoin  tok "
"215"," Cryptocurrency Worst returns  Last 15 Minutes    LIFE  15 31   LIFE  AC  13 61    AC  WBB  6 83    WBB"
"216","  In South Korea you ll soon be able to buy your food directly with  crypto     cryptocur "
"217"," Cryptocurrency Best returns  Last 15 Minutes    NYC  31 44   NYC  XNK  12 88   XNK  LINDA  8 97    LINDA"
"218","Cryptocurrency and Equity Markets  Weekly Performance Review "
"219"," no but please is that it is my investment that I made a cryptocurrency  hoping to work my money  if w  "
"220"," moneyandmeaning How to get bitcoin money   "
"221","   Blockchain for business  Top 5 to dos at InterConnect   Bitcoin  Ethereum  Cryptocurrency  Altcoin "
"222","  Bit India EU coin Now  Lescovex    XP"
"223","  Organized tournaments are only available for the top teams around the world   What about the little guys   Your everyday pla "
"224","  BTC USD  4hr chart   Created a higher low last night  orchestrating some optimism for the beaten down bulls  Based on new tr "
"225","  Directory  Escorts in  CostaRica  Visit our Website           We accept  cr "
"226","Directory  Escorts in  CostaRica  Visit our Website           We acce  "
"227","  Thank you community  We achieved 1 5k followers  Your support is strongly important to us   StrongerTogether  ICO  blockc "
"228","   TOMO  worked out well  Approx 3x from  ICO  and not listed on  yet   Good advisors   8Mil raised  "
"229","  Almost time  cryptocurrency  LiteCoin  LTC  CryptoNews "
"230","Have you joined the Smoke Airdrop      I have thanks to    cryptocurrency  cannabis  airdrop  crypto "
"231","   Markets Wrap  calm week for global equity markets  decline in  crypto prices  "
"232"," bitcoin  bitcoinaustralia  Binance Offers  250 000 Bounty For Arrest of Hackers      "
"233","  The Mavro token sale opens in 4 days  Are you ready  Register at  for exact updates   Mavro  cryptoc "
"234","Almost time  cryptocurrency  LiteCoin  LTC  CryptoNews "
"235","  The future best ICO is almost here  Learn more at Mavro   Mavro  cryptocurrency  blockchain  crypto  bitcoin  bitcoins  bit "
"236","  We work with companies to create crypto economies  build their cryptocurrency and launch their ICOs  "
"237","  The PARKGENE ICO is rated  STABLE  by    We have shared their analysis here    PARKGE "
"238","  Our  smartcontract is currently under review by     an ICE  startup of the      security  cryptocurren "
"239","                          TOP TEN DISRUPTIVE TECHNOLOGY TRENDS                            IOT  IIoT  cryptocurrency  bitcoin  blockchain  AI  artificalintelligence  mach "
"240"," dangermoney Who made money from bitcoin   "
"241","Ethereum News  National University of Singapore Comes up Advanc   forex  binaryoptions  cryptocurrency  stockmarket"
"242","POWER BO EA 5minTF   85 ITM   forex  binaryoptions  cryptocurrency  stockmarket"
"243","  Don t miss your chance to purchase  ViceIndustryToken  The  crowdsale is open  All you need is an  ethereum wallet and some "
"244","  GENE Wallet  a multicurrency wallet launched and debit card announced by PARKGENE during the PARKGENE ICO    50 GENE token a "
"245","  covexcoin airdrop bounty ico exchanger erc223 ethereum cr "
"246","UCASH Airdrop 1000 Free Token Final  Airdrop  live  Token  Ethereum  cryptocurrency  eth  free  bitcoin  BTC  "
"247","  7000 Follower Giveaway  Prize   5BTC  1 Winner   To enter retweet  like  and follow    btc  bitcoin  crypto  cryptocurren "
"248","                          TOP TEN DISRUPTIVE TECHNOLOGY TRENDS                            IOT  IIoT  cryptocurrency  bitcoin  blockchain  AI  artificalintelligence  mach "
"249","                          TOP TEN DISRUPTIVE TECHNOLOGY TRENDS                            IOT  IIoT  cryptocurrency  bitcoin  blockchain  AI  artificalintelligence  mach "
"250","                          TOP TEN DISRUPTIVE TECHNOLOGY TRENDS                            IOT  IIoT  cryptocurrency  bitcoin  blockchain  AI  artificalintelligence  mach "
"251","  In  Venezuela inflation has ran rampant and they now value their currency by the weight  They face 13 000  inflation wi "
"252","                          TOP TEN DISRUPTIVE TECHNOLOGY TRENDS                            IOT  IIoT  cryptocurrency  bitcoin  blockchain  AI  artificalintelligence  mach "
"253","  GENE Wallet  a multicurrency wallet launched and debit card announced by PARKGENE during the PARKGENE ICO    50 GENE token a "
"254","                          TOP TEN DISRUPTIVE TECHNOLOGY TRENDS                            IOT  IIoT  cryptocurrency  bitcoin  blockchain  AI  artificalintelligence  mach "
"255","   BULLISH on  CryptoCurrency Short term fluctuations don t mean anything  Think BIG picture   MassAdoption "
"256","Directory  Escorts in  CostaRica  Visit our Website           We acce  "
"257","                          TOP TEN DISRUPTIVE TECHNOLOGY TRENDS                            IOT  IIoT  cryptocurrency  bitcoin  blockchain  AI  artificalintelligence  mach "
"258","                          TOP TEN DISRUPTIVE TECHNOLOGY TRENDS                            IOT  IIoT  cryptocurrency  bitcoin  blockchain  AI  artificalintelligence  mach "
"259","                          TOP TEN DISRUPTIVE TECHNOLOGY TRENDS                            IOT  IIoT  cryptocurrency  bitcoin  blockchain  AI  artificalintelligence  mach "
"260","  In  Venezuela inflation has ran rampant and they now value their currency by the weight  They face 13 000  inflation wi "
"261","                          TOP TEN DISRUPTIVE TECHNOLOGY TRENDS                            IOT  IIoT  cryptocurrency  bitcoin  blockchain  AI  artificalintelligence  mach "
"262"," MoneyDance Why is bitcoin better than money  "
"263","                          TOP TEN DISRUPTIVE TECHNOLOGY TRENDS                            IOT  IIoT  cryptocurrency  bitcoin  blockchain  AI  artificalintelligence  mach "
"264","  Bitcoin traceable  Usd untraceable  Using usd for money laundering and buying drugs and arms is way easier  Bitcoin  crypt "
"265","                          TOP TEN DISRUPTIVE TECHNOLOGY TRENDS                            IOT  IIoT  cryptocurrency  bitcoin  blockchain  AI  artificalintelligence  mach "
"266","                          TOP TEN DISRUPTIVE TECHNOLOGY TRENDS                            IOT  IIoT  cryptocurrency  bitcoin  blockchain  AI  artificalintelligence  mach "
"267","  Co Founder of   provides his expert insight on the booming  cryptocurrency scene in Asia  adding "
"268","                          TOP TEN DISRUPTIVE TECHNOLOGY TRENDS                            IOT  IIoT  cryptocurrency  bitcoin  blockchain  AI  artificalintelligence  mach "
"269","                          TOP TEN DISRUPTIVE TECHNOLOGY TRENDS                            IOT  IIoT  cryptocurrency  bitcoin  blockchain  AI  artificalintelligence  mach "
"270","ICOs  Fix the Problem Before the SEC Fixes It for You    cryptocurrency  "
"271","                          TOP TEN DISRUPTIVE TECHNOLOGY TRENDS                            IOT  IIoT  cryptocurrency  bitcoin  blockchain  AI  artificalintelligence  mach "
"272","    ICO   A full  cryptocurrency solution with a  mobile  app for  mining while  exercising and an  EX "
"273","                          TOP TEN DISRUPTIVE TECHNOLOGY TRENDS                            IOT  IIoT  cryptocurrency  bitcoin  blockchain  AI  artificalintelligence  mach "
"274","  ONLY TEN DAYS LEFT IN THE CROWDSALE     Get your tokens before it s too late  Only at "
"275","                          TOP TEN DISRUPTIVE TECHNOLOGY TRENDS                            IOT  IIoT  cryptocurrency  bitcoin  blockchain  AI  artificalintelligence  mach "
"276","                          TOP TEN DISRUPTIVE TECHNOLOGY TRENDS                            IOT  IIoT  cryptocurrency  bitcoin  blockchain  AI  artificalintelligence  mach "
"277"," BTC     Nice looking bullish engulfing on the daily   Finding resistance at the 0 382 Fib retracement level   Pric  "
"278","   Join a global decentralized network that will engulf and secure your entire digital life  Join DIW s Pr  "
"279","                          TOP TEN DISRUPTIVE TECHNOLOGY TRENDS                            IOT  IIoT  cryptocurrency  bitcoin  blockchain  AI  artificalintelligence  mach "
"280","  Welcome to our New Members of the Board of Advisors    blockchain  ICO  cryptocurrency  TokenSa "
"281","                          TOP TEN DISRUPTIVE TECHNOLOGY TRENDS                            IOT  IIoT  cryptocurrency  bitcoin  blockchain  AI  artificalintelligence  mach "
"282","  GENE Wallet  a multicurrency wallet launched and debit card announced by PARKGENE during the PARKGENE ICO    50 GENE token a "
"283","   ViceIndustryToken is your chance to get a piece of a multi  billion dollar industry  Join our  crowdsale today at "
"284","This will be new era in cryptocurrency field  Recommend to look here  Good luck with project  WPCICO  WPC  blockchain"
"285","                          TOP TEN DISRUPTIVE TECHNOLOGY TRENDS                            IOT  IIoT  cryptocurrency  bitcoin  blockchain  AI  artificalintelligence  mach "
"286","                          TOP TEN DISRUPTIVE TECHNOLOGY TRENDS                            IOT  IIoT  cryptocurrency  bitcoin  blockchain  AI  artificalintelligence  mach "
"287","Finnish Crypto Exchange Risks Collapse As Banks Refuse To Do Business   Cointelegraph  Bitcoin  Cryptocurrency and  "
"288","   Why do something for free  when you can get paid for it   Purchase  VIT today  and get paid every time you watch  porn in t "
"289","                          TOP TEN DISRUPTIVE TECHNOLOGY TRENDS                            IOT  IIoT  cryptocurrency  bitcoin  blockchain  AI  artificalintelligence  mach "
"290","      covexcoin airdrop bounty ico exchanger erc223 ethere  "
"291","                          TOP TEN DISRUPTIVE TECHNOLOGY TRENDS                            IOT  IIoT  cryptocurrency  bitcoin  blockchain  AI  artificalintelligence  mach "
"292","               First of its kind 1WO media token by 1World Online is getting listed on QRYPTOS cryptocurrency exchange "
"293","                          TOP TEN DISRUPTIVE TECHNOLOGY TRENDS                            IOT  IIoT  cryptocurrency  bitcoin  blockchain  AI  artificalintelligence  mach "
"294","  Three Ways  Blockchain Will Disrupt Traditional Business And Impact  Marketing In 2018  by   "
"295","                          TOP TEN DISRUPTIVE TECHNOLOGY TRENDS                            IOT  IIoT  cryptocurrency  bitcoin  blockchain  AI  artificalintelligence  mach "
"296","Directory  Escorts in  CostaRica  Visit our Website           We acce  "
"297","   GYMRewards    ICO   A full  cryptocurrency solution with a  mobile  app for  mining while  exercising and an  EXCHANGE to "
"298","  Our new article on Medium focuses on industries that can specifically benefit from DocTailor  Highlighting  entertainme "
"299","                          TOP TEN DISRUPTIVE TECHNOLOGY TRENDS                            IOT  IIoT  cryptocurrency  bitcoin  blockchain  AI  artificalintelligence  mach "
"300","  Got my Litecoin latte from   before hoping on a plane to Sydney to meet  and    Pa "
"301","                          TOP TEN DISRUPTIVE TECHNOLOGY TRENDS                            IOT  IIoT  cryptocurrency  bitcoin  blockchain  AI  artificalintelligence  mach "
"302","I liked a  video  What its like Mining Cryptocurrency in 2018   BTC ETH ZEC   VoskCoin March Farm"
"303","Cryptocurrency and Equity Markets  Weekly Performance Review "
"304","                          TOP TEN DISRUPTIVE TECHNOLOGY TRENDS                            IOT  IIoT  cryptocurrency  bitcoin  blockchain  AI  artificalintelligence  mach "
"305","  Let s join the bounty microstack  total 1 5 Million MSX     microstack  ethereum  airdrop "
"306","                          TOP TEN DISRUPTIVE TECHNOLOGY TRENDS                            IOT  IIoT  cryptocurrency  bitcoin  blockchain  AI  artificalintelligence  mach "
"307","   Microsoft detected a new cryptocurrency mining malware campaign that infected over 500 000 computers in just few hour "
"308","Cryptocurrency and Equity Markets  Weekly Performance Review  "
"309"," CryptoNews Cryptocurrency and Equity Markets  Weekly Performance Review   CryptoCurrencies "
"310","Cryptocurrency Investing  Emotions and Decision Making  "
"311","                          TOP TEN DISRUPTIVE TECHNOLOGY TRENDS                            IOT  IIoT  cryptocurrency  bitcoin  blockchain  AI  artificalintelligence  mach "
"312","  Free Ethereum    cryptocurrency  bitcoin  btc  Ethereum  Giveaway  free  altcoin  ico   "
"313","    At the end of 2017 we launched a unique innovative project CCA  in which we managed to combine the real sector of the e "
"314","                          TOP TEN DISRUPTIVE TECHNOLOGY TRENDS                            IOT  IIoT  cryptocurrency  bitcoin  blockchain  AI  artificalintelligence  mach "
"315"," moneysmarts How much money can I make bitcoin mining   "
"316","                          TOP TEN DISRUPTIVE TECHNOLOGY TRENDS                            IOT  IIoT  cryptocurrency  bitcoin  blockchain  AI  artificalintelligence  mach "
"317"," Investors  amp   Cryptocurrency Fans Get the Lowdown on the    ICO in this great article by   gt  gt   "
"318","   Markets Wrap  calm week for global equity markets  decline in  crypto prices  "
"319","Directory  Escorts in  CostaRica  Visit our Website           We acce  "
"320","                          TOP TEN DISRUPTIVE TECHNOLOGY TRENDS                            IOT  IIoT  cryptocurrency  bitcoin  blockchain  AI  artificalintelligence  mach "
"321","  Our platform and  blockchain will  revolutionize current business model in the  AdultIndustry   The first ever platform desi "
"322","Earning  cryptocurrency for selling my stuff on   Join me using code  BBNPDG  for an extra 5 XNK  I just lis  "
"323","Bitcoin percentage of market cap  41 78    BPOMC  Bitcoin  Altcoin  Blockchain  Cryptocurrency  Dominance"
"324"," Aren t Steptoe  amp  Johnson counsel of Blockchain Alliance  a "
"325","  You get an SMS  BitcoinCash wallet by texting a valid command to CoinText s number for your region  or when someone else send "
"326"," REN AIRDROP has started  Join now and get your free 250  REN  tokens worth  20 dollar   "
"327","  Dont think on BitcoinZ like its just a Cryptocurrency  Think on it like its the fresh air  what we all need  the everyday "
"328","  The 22 year old behind  5 billion crypto is just getting started  "
"329","  Free Ethereum    cryptocurrency  bitcoin  btc  Ethereum  Giveaway  free  altcoin  ico   "
"330","  In  Venezuela inflation has ran rampant and they now value their currency by the weight  They face 13 000  inflation wi "
"331","   Launching its Own  Cryptocurrency "
"332","  Safe Haven will provide the most versatile inheritance platform within the space  Our intent is to cover all possible base "
"333","  Small friendly squirrel                            Reduced price   FREE shipping               colors  squirrel  squirrels     "
"334","  The Marshall Islands becomes the first country to recognize  crypto as its official currency "
"335","  Our new article on Medium focuses on industries that can specifically benefit from DocTailor  Highlighting  entertainme "
"336","   Microsoft detected a new cryptocurrency mining malware campaign that infected over 500 000 computers in just few hour "
"337"," WhatIdDoForMoney Who made money from bitcoin   "
"338","  The  ViceIndustryToken  Crowdsale is LIVE  Get your  VIT now and start earning every time you watch porn  Join the crowdsale "
"339","                          TOP TEN DISRUPTIVE TECHNOLOGY TRENDS                            IOT  IIoT  cryptocurrency  bitcoin  blockchain  AI  artificalintelligence  mach "
"340","  In  Venezuela inflation has ran rampant and they now value their currency by the weight  They face 13 000  inflation wi "
"341","Directory  Escorts in  CostaRica  Visit our Website           We acce  "
"342","                          TOP TEN DISRUPTIVE TECHNOLOGY TRENDS                            IOT  IIoT  cryptocurrency  bitcoin  blockchain  AI  artificalintelligence  mach "
"343","  Hot news for  Bitcoin fanatics  Welcome new heater that can mine  cryptocurrency  "
"344","  This is UNREAL  29 New AIRDROPS on site running get over 5000  worth of crypto free on site    Airdrop  NowPlaying  cry "
"345","  Percentage that the  Platform keeps from Content Producers  ZERO THAT S the True Power of  Blockchain              Learn More "
"346","  Sign Up Fast  Unwind Now by Getting Free Shipping From Boutiquefeel on Your First Order  "
"347","  The VIT rewards pool ensures instant and transparent allocation of VIT to stakeholders according to a fixed set of rules   V "
"348","  Start your  SundayMorning with the Crypto Minute    Praetorian Group aims to conduct first ever SEC registered STO   U S  fed "
"349","  So many ICO are still being created  Will the creators be at a loss during a bear market  Nope  The investors will be  I "
"350","  Researcher finds 50 000 sites infected with cryptocurrency mining malware "
"351","Directory  Escorts in  CostaRica  Visit our Website           We acce  "
"352","  Want to learn more about crypto  Enroll in Investopedia Academy   "
"353","  Everyone can participate in our  crowdsale   even U S  residents  Don t let this opportunity pass you by  Get some  VIT now "
"354","   Litecoin and Bitcoin Cash notably  have had as much as 75  of their volume circulating on one or the other of these exchang "
"355"," BTCUSD Not much has changed  dipped to 786 on wave 2 instead of 618  Pink 5 leg just a smaller timeframe of green  "
"356","   Blockchain  is meaningless  "
"357","  Where Banks Stand To Lose With Blockchain Insurers Stand To Gain    blockchain  crypt "
"358"," Bitcoin2  BTC2  Crypto  Bitcoin  cryptocurrency Great project and reliable team  When experience and performance a  "
"359","  RewardMob White Paper Review  from  globalcoinrepot    WinWithRewardMob  blockchain  mob "
"360","  With  ViceIndustryToken  everyone get s rewarded for their participation   Even the viewer  Learn how you can Get Paid to Wa "
"361","Vivid is the world s most powerful  cryptocurrency portfolio platform  View your holdings in  AugmentedReality or u  "
"362","  Our new article on Medium focuses on industries that can specifically benefit from DocTailor  Highlighting  entertainme "
"363","  Anyone with a  smartphone can participate in  cryptocurrency mining    blockchain  future  mobile  ico "
"364","  A home heater that mines cryptocurrencies        tech  DLT  Ethereum  cryptocurrency "
"365","  Join our  crowdsale today and be a part of the  revolution of the online entertainment industry   ViceIndustryToken is the f "
"366","  Got my Litecoin latte from   before hoping on a plane to Sydney to meet  and    Pa "
"367","  Blockchain tech can reduce transaction costs  FICCI PwC    blockchain  Blockch "
"368","Directory  Escorts in  CostaRica  Visit our Website           We acce  "
"369","Thailand dodges extreme regulations on cryptocurrency  Will it be favorable   cryptocurrency  crypto  Thailand  "
"370"," CovexCoin  Airdrop  Bounty  Ico  Exchanger  Erc223  Ethereum  CryptoCurrency   Great project  Guys get in   "
"371","   The first blockchain based platform capable of supplying unbiased public randomness for developin  "
"372","  CRYPTOCURRENCY TRENDS   AI  amp  CROWDLEARNING   BOOMING OPPORTUNITIES    skychainglobal "
"373","  Ternio  blockchain Live Video AMA is about to begin  Big Announcements    cryptocurrency  tokensale  ICO  ama Watch "
"374","  Soon  the days of consuming content for free will be a thing of the past   Everyone will get paid for consuming content   Vi "
"375","There are over 150 various other cryptocurrencies   BitCoin  Litecoin  Ethereum  Monero  BitCoinCash  "
"376","  Don t miss your chance to purchase  ViceIndustryToken  The  crowdsale is open now  All you need is an  ethereum wallet and s "
"377","The latecomer s BTC journey via  r CryptoCurrency "
"378","  Directory  Escorts in  CostaRica  Visit our Website           We accept  cr "
"379","Cryptocurrency and Equity Markets  Weekly Performance Review  "
"380","  Cryptocurrency Site Disappears w  Millions  Leaves 1 Word Message   Penis   "
"381","Earning  cryptocurrency for selling my stuff on   Join me using code  DNTGXL  for an extra 5 XNK  I just lis  "
"382","  Dear friends I m very pleased to announce that we have raised the Hard Cup             The Pre Sale is closed now  On the behalf of th "
"383","  Cryptocurrency  ICO and Blockchain officially added to the dictionary   Fantastic NEWS for CRYPTO LOVERS all around the w "
"384","  ONLY NINE DAYS LEFT IN THE CROWDSALE     Get your tokens before it s too late  Only at     ViceIndust "
"385","Join me to get  s new  XNK  cryptocurrency for free  Use code  CCSKPZ  for an extra 5 XNK  Just got this wit  "
"386"," Hey MD  sorry to trouble you This is an Interesting article on one of the few ICO projects with live cust  "
"387","   Cryptocurrency Mining  Malware Infected Over 500 000    bcc  bch  eth  xrp  ltc  dash  iota  xm "
"388","  Directory  Escorts in  CostaRica  Visit our Website           We accept  cr "
"389","  Fintech  Bitcoins  BTC  BTC  cryptocurrencies  ETH  Blockchain  ICOs  Crypto  Altcoins  Investing  H "
"390","   This why I m  happy  hold  invest in  ADA Cardano   cryptocurrency             "
"391","  We won   Join our revolution now     eth  ICO  TokenSale  blockchain  bitcoin  ethereum  crypto "
"392","  Got my Litecoin latte from   before hoping on a plane to Sydney to meet  and    Pa "
"393","Earning  cryptocurrency for selling my stuff on   Join me using code  BBNPDG  for an extra 5 XNK  I just lis  "
"394","Crypto Build with our Worldwide Team  We Profit Share  amp  build FOR YOU   One time payment of  20 Btc on AUTOPILOT wi  "
"395","  Fintech  Bitcoins  BTC  BTC  cryptocurrencies  ETH  Blockchain  ICOs  Crypto  Altcoins  Investing  "
"396","   ebtc is a monster that attracts all crypto  amp  business owners to partner with them Not only that but in 8 days their will be "
"397","Qarnot s QC 1  Heat Your Home and Passively Mine Cryptocurrency "
"398","  The  Skraps app will be available for free to all Desktop  Android and iOS users  If you can t wait the 6 8 weeks for its re "
"399","Telegram TON Gram ICO   Open Network Cryptocurrency Blockchain   "
"400","  We won   Join our revolution now     eth  ICO  TokenSale  blockchain  bitcoin  ethereum  crypto "
"401","   News   Ex Trump Adviser Bannon described cryptocurrency and blockchain technology as the  very heart  of a populist movem "
"402","Directory  Escorts in  CostaRica  Visit our Website           We acce  "
"403","   eBTC is listed in top gainers  Is that the  Airdrops effect                           bye more and more   Crypto  Cryptocurrency  Bitcoin  "
"404","Study Platform Token Airdrop               Get 200 Free  SPT tokens here    token  airdrop  "
"405","  50 000 Websites infected with Cryptocurrency Mining Malware   CyberSecurity  CyberAttack  Hac "
"406","  MoonLite Aims to Dominate the Cryptocurrency Mining Industry with Green Energy   bitcoin  crypto ht "
"407"," propmoney How much money can I make bitcoin mining   "
"408","  Directory  Escorts in  CostaRica  Visit our Website           We accept  cr "
"409","I liked a  video  Binance Hacker Bounty   P2P Crypto Competition  Bitcoin and Cryptocurrency News "
"410","  South Korea remains on pace to be the first country to widely adopt and use cryptocurrencies  Kakao  a chat and payments a "
"411","  Markets Wrap  calm week for global equity markets  decline in  crypto prices   "
"412","newsBTC Qarnot s QC 1  Heat Your Home and Passively Mine  cryptocurrency newsBTC Mining  cryptocurrency is a huge b  "
"413"," is a marketplace to discover  create and monetize cryptocurrency trading   SignalsNetwork is the best pro "
"414","  In  Venezuela inflation has ran rampant and they now value their currency by the weight  They face 13 000  inflation wi "
"415"," Offers  250 000 Bounty For Arrest of Hackers   News   The Binance cryptocurrency exchange is offering a  250 000   "
"416","  Cryptocurrency 101  A Bookkeeper s Cheat Sheet on Accounting for Cryptocurrency  "
"417","Directory  Escorts in  CostaRica  Visit our Website           We acce  "
"418","  Welcome to our New Members of the Board of Advisors    blockchain  ICO  cryptocurrency  TokenSa "
"419","What is  cryptocurrency Don t understand  "
"420","  Bitcoin Embassy opens in the United States and is the first of its kind   It will bring all  cryptocurrency enthusiasts t "
"421","  In  Venezuela inflation has ran rampant and they now value their currency by the weight  They face 13 000  inflation wi "
"422","  Our new article on Medium focuses on industries that can specifically benefit from DocTailor  Highlighting  entertainme "
"423","  The Mavro token sale opens in 4 days  Are you ready  Register at  for exact updates   Mavro  cryptoc "
"424","    Bitcoin Cash   BCH   Largest Delivery Service in  Germany  now Accepting Bitcoin Cash  BCH   "
"425","  Got my Litecoin latte from   before hoping on a plane to Sydney to meet  and    Pa "
"426","   The digital ecosystem simplifying your world through A I   robotic and human symbiosis  Visit  "
"427","  Check out our new explainer video  Dropil offers simple  intuitive  and automation services for the Cryptocurrency world  h "
"428","  Paypal might be considering expanding to the cryptocurrency ecosystem   There is currently a global race to file patents "
"429","  Want to learn more about crypto  Enroll in Investopedia Academy   "
"430","  South Korea  20 Year Olds  Most Active  In  Cryptocurrency Investment    Bitcoin"
"431"," encrypted How to get bitcoin money   "
"432","  Elon gave a short inspiring speech at SXSW yesterday  He screened a new Falcon Heavy mini doc created by Jonathan Nola "
"433","  Want to learn more about crypto  Enroll in Investopedia Academy   "
"434","  SAVE THE DATE             Official ANN  Swapy ICO Pre sale starts on March 19  2018  For whitelisted members     Follow u "
"435","  Hope everyone is listening to Block Zero tonight    Thanks Kevin for the awesome TurtleCoin interview  "
"436","  Safe Haven will provide the most versatile inheritance platform within the space  Our intent is to cover all possible base "
"437","Come check out our growing list of  influencers    Pick your category and publish your profi  "
"438","  The 22 year old behind  5 billion crypto is just getting started  "
"439","Directory  Escorts in  CostaRica  Visit our Website           We acce  "
"440","   The  Komodo Platform focuses on providing complete end to end  blockchain solutions   cryptocurrency  dPoW  AssetChain  Atom "
"441","Earning  cryptocurrency for selling my stuff on   Join me using code  BBNPDG  for an extra 5 XNK  I just lis  "
"442","              BITRACE ICO                                     Join BITRACE on Medium    bitcoin  cryptocurrency  blockchain  crypto  i "
"443","Cryptocurrency and Equity Markets  Weekly Performance Review  "
"444","Cryptocurrency and Equity Markets  Weekly Performance Review  "
"445","Cryptocurrency and Equity Markets  Weekly Performance Review   ValutaNews "
"446","Cryptocurrency and Equity Markets  Weekly Performance Review  "
"447","Cryptocurrency and Equity Markets  Weekly Performance Review  "
"448","Asian Altcoin Trading Roundup  Top Cryptocurrency is Nano  "
"449","MoonLite Aims to Dominate the Cryptocurrency Mining Industry with Green Energy  "
"450","cryptocurrency should be outlawed  funds expropriated  miners jailed   mining rigs are a crime against nature"
"451","  Directory  Escorts in  CostaRica  Visit our Website           We accept  cr "
"452","  Tunisia Racing F1 City   Project Photos               For more    bitcoin  cryptocurrency  blockchai "
"453","   Airdrop  ECC  ECommerceCoin  Bitcoin  ETH  ICO  Cryptocurrency  Airdrop is limited to 20000 community members only  First 20 "
"454","  Cryptocurrency Mining Discovered at Australian Bureau of Meteorology Headquarters "
"455"," TradeBitcoin Why is bitcoin better than money  "
"456","  Safe Haven will provide the most versatile inheritance platform within the space  Our intent is to cover all possible base "
"457","  i got 7 cents in cryptocurrency  yall still going to school   still going to work   lol im making bread online fym"
"458","Keep track of your  crypto and  bitcoin portfolio in one place   Cryptocurrency and Equity M  "
"459","Automate your  cryptocurrency  trading and make  profits automatically 24 7 with the best bot available right now   "
"460","Cryptocurrency and Equity Markets  Weekly Performance Review    "
"461","  At  DocTailor  we believe that just as  Cryptocurrency rocks the financial world  the future of  Blockchain based  Smar "
"462","Directory  Escorts in  CostaRica  Visit our Website           We acce  "
"463","  Our new article on Medium focuses on industries that can specifically benefit from DocTailor  Highlighting  entertainme "
"464","  you saw what Jay have to say about us   We know that there are a lot of skeptical monkeys out there  So we had to bother o "
"465","   Vergecurrency  XVG  bitcoin  Bitcoin  BTC  Crypto  cryptocurrency   giveaway  Altcoins   Verge coin XVG giveaway  2 peop "
"466","   Markets Wrap  calm week for global equity markets  decline in  crypto prices  "
"467","   LookingForNews  gt  gt  gt  WSJ Directory  Escorts in  CostaRica Visit our Website    "
"468","  Our  PreICO is now on   Invest now to get a  Bonus on our  DocTailor  Tokens       Cryptocurrenc "
"469","Cryptocurrency and Equity Markets  Weekly Performance Review     markets  news "
"470","   LookingForNews  gt  gt  gt  WSJ Directory  Escorts in  CostaRica Visit our Website    "
"471","   LookingForNews  gt  gt  gt  WSJ Directory  Escorts in  CostaRica Visit our Website    "
"472","Fair Reporters lists  as the  1  Best Crypto Privacy Coin to Buy in 2018    "
"473","  This week in cryptocurrency                                      Tag A Hodler               blockchainoutlet  bitcoin  bitcoins  bitcoinnews  btc  blockchain  crypt "
"474","   BitcoinCash    BCC    BCH    continues a 2 month slide this week  I m not optimistic about this  cryptocurrency    bl "
"475","  BoutsPro ICO   Great going      and numbers of investors are swelling    BoutsPro  ICO  Altcoin  BTC  ETH  Bounty  cryptocurr "
"476","  Our  TokenSale is launching this month  Bonuses on our  Cryptocurrency  Token are currently available through our  PreI "
"477","  A Person s Mindset when they get into Cryptocurrency "
"478","  Our new article on Medium focuses on industries that can specifically benefit from DocTailor  Highlighting  entertainme "
"479","  Thanks  Sam Lee for your support  Sam Lee is Senior Principal at Bluepoint Partners  Korea   Venture Capitalist and Start "
"480","We think  potwallet and  potcoin is a solid solution for  cannabis businesses that want to use  crypto to take paym  "
"481","   BULLISH on  CryptoCurrency Short term fluctuations don t mean anything  Think BIG picture   MassAdoption "
"482","Cryptocurrency and Equity Markets  Weekly Performance Review "
"483","  Ternio  blockchain Live Video AMA is about to begin  Big Announcements    cryptocurrency  tokensale  ICO  ama Watch "
"484","  South Korea remains on pace to be the first country to widely adopt and use cryptocurrencies  Kakao  a chat and payments a "
"485","giveaway to all my followers soon1  cryptocurrency  crypto  blockchain  bitcoin  ethereum  litecoin  verge  ripple  "
"486","Keys4Coins  678 products added and website improvements   Litecoin  cryptocurrency"
"487","Even Elon Musk is reading Julian s book now      TenX  cryptocurrency"
"488"," blockchain  crypto United States Should Consider a  Push Back  Against Blockchain Regulations  "
"489","The 6 Traits of Sound Money   Litecoin  cryptocurrency"
"490","   Dofoil  Trojan used to deploy  cryptocurrency  miner on more than 500 000 PCs in a few hours securityaffairs  hacking "
"491","I dont want to cause strife or FUD  but why is ripple a good investment    Ripple  cryptocurrency"
"492","  Welcome to our New Members of the Board of Advisors    blockchain  ICO  cryptocurrency  TokenSa "
"493","  It s official now  Vladimir Nikitin  a top ICO advisor just became a part of the Airpod project  He is one of the main "
"494","  The Main Sale Is Live  XCMs only available at   blockchain  crowdfunding  CoinMetro h "
"495","  Safe Haven will provide the most versatile inheritance platform within the space  Our intent is to cover all possible base "
"496","US completes first blockchain real estate transaction    CRYPTOISTHEFUTURE   THE HUMBLE ORACLE        "
"497","  From now We share airdrop news  how to sign up  how to get your free coins and Pumps  We are all about gaining profits "
"498","  From now We share airdrop news  how to sign up  how to get your free coins and Pumps  We are all about gaining profits "
"499","  Meet the Advisors  Bill O Connor      blockchain  crowdfunding  entrepreneurs  investors  youtoken "
"500","   follow us   for fresh news and latest updates  Purchase of XCMs only at "
